userName,score,at,content
Uma Rajpurohit,3,2026-07-28 15:55:54,good
Arun Jatav,5,2026-07-28 01:55:56,good
Kevin Thomas,1,2026-07-25 08:34:55,stupid app. useless
Suman Kumari,1,2026-07-25 05:54:27,"Poor service, food quality is very poor, prices are high, and delivery service is terrible; improvement is needed."
Amritpal Singh,1,2026-07-24 23:08:12,why stopped delivery at jantar mantar?
Simran Pritam,1,2026-07-24 18:48:19,very wrost food delivery app ever....too disgusting....don't use this app
Ayush Singh,1,2026-07-24 17:19:40,worst
KRISHNA RATHOR,1,2026-07-24 10:13:12,shame on you
Dark Specter,1,2026-07-24 01:48:38,why not taking order in jantar mantar
Zahara kausar,4,2026-07-23 00:04:23,awesome 💯
Zak Khan,5,2026-07-23 00:03:25,good 😊
Aarefa Rangrej,5,2026-07-23 00:03:04,👍
shubham shubham,5,2026-07-23 00:01:47,nice 👍
Shivam Nagar,5,2026-07-22 23:57:55,like it
Bablu Singh,5,2026-07-22 23:56:21,very good 👍
Ahir Vipul,1,2026-07-22 23:52:05,jantar mantar aandolan me khana kam bhej rahe ho paise pure le rahe ho
_Ashmita_ Singh_,1,2026-07-22 23:51:34,"Zomato never takes any action against the restaurant. Restaurant send whatever quality and quantity they want to send.I have ordered a 500gm cake and the restaurant sent me a cake ofonly 345grams,see the reply After carefully reviewing the details of your order, we regret to inform you that we're unable to take further action in this case. We truly apologize for any inconvenience this may have caused. Please know that we've flagged this internally to help prevent similar issues in the future."
Manmohan Kaur,1,2026-07-22 23:50:41,tax and handling charges are high
Shubham Raut,5,2026-07-22 23:48:02,cash on delivery
Uday Kumar,5,2026-07-22 23:45:45,fast login and fast service
Faiju Rahman,5,2026-07-22 23:43:28,best 💯
Abhay Sharma,1,2026-07-22 23:43:15,pathetic 2 hours delay several delivery boys assigned use swiggy instead
Khushboo Sisodiya,5,2026-07-22 23:31:13,easy to order
KAVYA DAS,5,2026-07-22 23:29:33,good
Vijay kumar Munda,5,2026-07-22 23:27:59,thank you so much sir aap itna support kar rahe ho
Vishnu Bhuriya,5,2026-07-22 23:27:37,good
Altu Qureshi,5,2026-07-22 23:27:16,good
Aravind Babu,5,2026-07-22 23:23:32,good 👍
Salomi Binil,5,2026-07-22 23:21:51,good 🙏
Vishal Patel,5,2026-07-22 23:20:46,Good Service
Kulvir Kumar,5,2026-07-22 23:19:39,very good service
Yash Jain,5,2026-07-22 23:19:05,very good 😊
Bhavesh Bhane,1,2026-07-22 23:16:23,"The Zomato app is absolutely terrible. I ordered food, but even after two hours, I still haven't received it; the delivery partner isn't answering calls, and their location hasn't moved for an hour and a half."
rupali parida,3,2026-07-22 23:14:38,very good
Saddam Hussain,4,2026-07-22 23:13:39,helpful
Amit Dahiya,5,2026-07-22 23:11:11,all good 👍 👌
SHRAWANSINGH RAJPUT (SHRAWAN SINGH RAJPUT),5,2026-07-22 23:09:40,good
Bhanu Veekshitha,1,2026-07-22 23:09:29,its time waste..and I'm faced worest experience.not giving orders in zomato... Swiggy is the best for time and good quality..
Chintu Das,5,2026-07-22 23:08:43,very good
Nebin Joseph,1,2026-07-22 23:07:40,i ordered an honey alfam mandhi and when the order came it was only mandhi rice and i try to complaint it they are not responsible for it very bad experience dont use this app my 330 rs gone bad customercare service...
Omkar Singh Yadav,1,2026-07-22 23:01:45,very poor service
Gourav Mali,5,2026-07-22 23:01:38,best app
Bhanu Pratap Dhaka,1,2026-07-22 23:01:00,"fraud delivery person's no response from zomato customer care , verry disrepectfull"
S.k Sharma,4,2026-07-22 23:00:54,nice
Rajput boy,1,2026-07-22 23:00:07,zamato se ghatiya service or kahi nhi mil sakti ek dum ghatiya na koi no h inka bakwas bas
Sharvan Kumar,5,2026-07-22 22:59:56,very good 👍
Harish,5,2026-07-22 22:59:38,thank
vittal kamani,1,2026-07-22 22:59:16,"worst service, zomato is fraud . don't install this app. in zomato most delivery partner is fraud,no order delivery but show on zomato delivered and no money ,time waste"
Sonu Shaw,5,2026-07-22 22:58:42,great
Kewal Thakur,5,2026-07-22 22:58:25,nice
Md amjad Alam,5,2026-07-22 22:57:32,best
Amitabh Chaturvedi,3,2026-07-22 22:57:01,i have faced many problems to order my food it is very complex
Indrajeet sharma,5,2026-07-22 22:55:51,good
Babulal Bhadu,5,2026-07-22 22:53:58,thank you very good service
pankaj darade,1,2026-07-22 22:53:36,"thirdclass service...U cannot call to zomato as they don't have calling service, wrong food item delivered but got compensation of only 180 Rs while the food item i ordered was 670 around....the delivery boy also not picked up the call"
Sivaprasad VR,1,2026-07-22 22:52:13,they are not allowing us to connect with a customer service associate. if we do not receive our order or if an item is missing our money is gone. we can only send out an email.
Jagdish Singh,5,2026-07-22 22:50:49,Best app to order the food when u are hungry thanks for ur help zomato
Abhisarika Bompem,4,2026-07-22 22:48:08,super
Swarup Dey,5,2026-07-22 22:48:04,Nice 👍👍🙂🙂🙂
sachin kumar,1,2026-07-22 22:47:12,"bekar app .. same problem with different number of people. no solution of problem, no improvement in problem solving"
Aryan Yadav,5,2026-07-22 22:45:09,ok
Bimol Boruah,5,2026-07-22 22:42:03,good 👍
kashish Yadav,5,2026-07-22 22:41:36,🌟🌟🌟🌟🌟
gopinath pasula120,1,2026-07-22 22:40:36,Fraud app.. Zomato people will play with customers
Barasha Haloi,1,2026-07-22 22:34:59,very bad app... I ordered food but i did not received the food... delivery partner enjoyed my food...there is no otp system after prepaid on this app...3rd class app...chiiiiiiiiiiiiiiii🤮🤮🤮🤮🤮🤮🤮🤮
Kavita Dhakul,3,2026-07-22 22:34:35,good
Sonu Nagar,5,2026-07-22 22:34:22,jaldi pauch jao bas
Pranav Kalkutki,5,2026-07-22 22:33:28,nice 👍
Mohammad Imdadullah,5,2026-07-22 22:32:13,best tandoori in ulwe ♥️
Nayana Sathe,4,2026-07-22 22:31:33,ok
Akshu Khillare,5,2026-07-22 22:31:20,👍🏻
Akash Bansal,1,2026-07-22 22:29:49,Don't order after 9 pm 99percent do not assign delivery partner and just waste our time and money
RDS Cabs-Airport taxi,1,2026-07-22 22:29:17,one off the worst service I ever found today I have order 481 rupees order even single person can't feel his hunger such a worst service man... we are struggling to earn 500... rupees in that 500 rupees one person can't full feel his hunger such a stupid thing don't order for RNR biriyani in zomato and other restaurants also iam so sad always they will do same thing this time iam feeling so sad...
Rinku Moyal,4,2026-07-22 22:27:52,Good 👍
Ankit Oraon,5,2026-07-22 22:27:29,great
Amreesh Panwar,5,2026-07-22 22:26:47,gud
saurabh verma,1,2026-07-22 22:26:29,"They are thieves, reported of missing food items so many times but never got justification and refund of missing item,often cancellation of order in the night time, never deliver food on time adding my last review 2 years back... Having the same issues still, they are biggest thrives , never take accountability of spillage or food quality. and charges are always too high"
gangesh jha,1,2026-07-22 22:26:17,poor customer support
Hariom Kumar,4,2026-07-22 22:26:02,Nice 👌👌♥️♥️♥️
Kavi chaudhary,5,2026-07-22 22:24:27,Good
Vaishnavi Vaishu,5,2026-07-22 22:23:43,good 👍👍👍
Alladi Jyothirmai,5,2026-07-22 22:23:02,good
Ranjay,5,2026-07-22 22:21:50,good app
Shaik Abdulla Ahmed,5,2026-07-22 22:21:22,good
Ankit Chauhan,1,2026-07-22 22:19:46,"Extremely bad experience, no support, you can't give a full feedback too, only few prelisted issues. very disheartening."
Mohd Imran (Rana),5,2026-07-22 22:17:46,good 👍🏻
Sonu Chavan,5,2026-07-22 22:17:11,zomato best aap
Murupoju Srinu,5,2026-07-22 22:15:03,super 👌
Karthi mmk,5,2026-07-22 22:14:29,Nice
Josseph Sujatha Beulah,1,2026-07-22 22:13:51,The delivery partner called me but i didnt received the call then the partener click as delievered and take the order with himself. when i tried to report the issue they didnt give my order or refund. I am a gold member. everyone use swiggy dont use zomato its very worst.
Mayur Patel,5,2026-07-22 22:12:36,Wonderful time
Sareeka Deshmukh,2,2026-07-22 22:12:18,rate is too high and many additional charges toooo expensive
Daman Thakkar,5,2026-07-22 22:11:42,superb
PRATHAM Waghela,1,2026-07-22 22:11:12,guuu se bhi battar jaisa app
vipin saini,5,2026-07-22 22:10:24,good 👍👍😊😊
Priyanka Nalluri,1,2026-07-22 22:10:20,Fraud app ... They ( zomato ) will play with the customer.
Remika,5,2026-07-22 22:06:30,vary good
Lutfur Haque,3,2026-07-22 22:04:22,thik hain
YOUR TECHNO GURU,1,2026-07-22 22:02:51,we have ordered paneer do pyaza and got paneer mashroom taj this is wrong delivery.
Ramu Nag,5,2026-07-22 22:01:25,good app
Sandeep Sharma,1,2026-07-22 22:01:01,half kadhai paneer ke jagah quarter bhej dia
Umesh Akkampet,5,2026-07-22 22:00:15,it's good for PG boys & Good behaviour of delivery partner 🙏
Kushal Kumar,5,2026-07-22 21:59:37,nice app
dhana naidu,5,2026-07-22 21:59:05,super super
DHANISTH RATHVA (60),5,2026-07-22 21:58:47,Excellent 👍
Shiv Mohan,5,2026-07-22 21:58:04,good service
asraf ansari,5,2026-07-22 21:57:12,satisfy ok
suman saurabh,5,2026-07-22 21:54:05,good
abhishek sharma,1,2026-07-22 21:53:57,poor food not recommended to eat
SHIVAKUMAR JELLA,5,2026-07-22 21:53:37,good
Krishna Gond,1,2026-07-22 21:53:08,veryy poor delivery time only delay
ashad rehan,2,2026-07-22 21:52:59,price very high y
raja yadav,5,2026-07-22 21:52:11,good 😊
Noorjahan Shaik,5,2026-07-22 21:50:45,best app
Gohel Vishal,5,2026-07-22 21:50:33,Good
Harshada Kakade,5,2026-07-22 21:49:50,good quality of food and delivery
pintu sapkle,1,2026-07-22 21:49:15,hopeless service
Raghav singh,5,2026-07-22 21:47:36,good
Doulat Raza,4,2026-07-22 21:45:06,good service
Manikandan Jayachandran,5,2026-07-22 21:44:55,good
vinod kumar,5,2026-07-22 21:44:51,Good
Anuradha Tiwari,3,2026-07-22 21:43:33,good
Dhiraj 1702,2,2026-07-22 21:43:20,bad experience
Parth Maisuriya,5,2026-07-22 21:42:52,thank you
Anil SIngh,5,2026-07-22 21:41:36,Great experience
Shamsudeen Raja,5,2026-07-22 21:41:22,super
Dhananjay Kumar,5,2026-07-22 21:41:01,thank you
Raj jayant,4,2026-07-22 21:39:51,good
Shahil Shinde,5,2026-07-22 21:39:30,good
Mohd Anas,4,2026-07-22 21:39:11,nice app
Priyanka Kawde,3,2026-07-22 21:38:07,Thank you Zomato
Rohid R,1,2026-07-22 21:38:00,"the app sucks, mainly the customer support"
Sagun Awasthi,5,2026-07-22 21:36:45,bhola veg
gaurav chaurasia,1,2026-07-22 21:36:41,"Worst service. The address I filled in is not showing, and I am also unable to connect with customer support."
sathish kumar,2,2026-07-22 21:36:40,worst service never expected
Arjun Rathod,3,2026-07-22 21:35:58,Nice
Abdul farid,5,2026-07-22 21:33:41,Good
Anitha Wellness coach,1,2026-07-22 21:33:09,worst experience auto cancelling my order
Augustin Raj,5,2026-07-22 21:30:29,nice
Dnyaneshwar gaikwad,5,2026-07-22 21:29:35,good service
TUSHAR ALI,5,2026-07-22 21:28:42,good
parmod thakur,5,2026-07-22 21:24:25,ok
Tejas Bhat,1,2026-07-22 21:23:58,"Terrible customer support. My order arrived incomplete. I raised a concern with clear image proof and just asked for a refund or a coupon for the missing item. Instead of actually helping, support just spammed me with automated, boilerplate rejections over and over. They refuse to take accountability for their mistakes. Don't expect any real help from them if your order gets messed up!"
Abhinav kumar d,4,2026-07-22 21:22:59,good
Nagesh Manthani,5,2026-07-22 21:22:14,very nice
Monish Bhoi,5,2026-07-22 21:20:09,saves time
Arjun Koushal,5,2026-07-22 21:19:50,happy
Rahul Kumar,5,2026-07-22 21:19:47,good
Khushi Keshri,5,2026-07-22 21:19:31,very good
Tofil Jamadar,5,2026-07-22 21:19:08,nice
Yogesh Shivarkar,5,2026-07-22 21:18:29,good service 👍
Kailash_mankar_126 Mankar,4,2026-07-22 21:18:15,nice food 🤤
Hamant Thakur,4,2026-07-22 21:17:36,nice 👍
Ananya Srivastava,1,2026-07-22 21:17:11,customer support is not helpful at all
Happy Singh,5,2026-07-22 21:16:29,excellent
Sumit Koli,5,2026-07-22 21:14:51,nice zomato
Sagar Baga,5,2026-07-22 21:14:31,Good
Yenge Aniket,5,2026-07-22 21:12:41,good
Sasirekha,5,2026-07-22 21:11:56,super
Mamatha Potharaveni,5,2026-07-22 21:11:43,nice 👍
dharmendra kumar singh,5,2026-07-22 21:11:35,good
Sunny Manni,3,2026-07-22 21:10:56,good of come to same product
Raju Yadwade,4,2026-07-22 21:09:15,best
Manaswi Patil,5,2026-07-22 21:08:27,I love your process
Swayam Gurjar,5,2026-07-22 21:07:12,great
Subhash Tank,5,2026-07-22 21:06:23,good job
35Anish Dhuri,5,2026-07-22 21:05:15,No thanks
ravi sankar,5,2026-07-22 21:05:06,very good and good offers
Sheik Basheer,4,2026-07-22 21:03:37,super
Guriya Mishra,5,2026-07-22 21:02:29,ok
Arjun Rawat,1,2026-07-22 21:01:06,delivery time too late and delivery man annoyingly cancel the order
Dharavathu Sandeep,5,2026-07-22 21:00:57,pls reduce the prices brooo
Anantha Raghava,4,2026-07-22 21:00:38,Good
Viraj Kumar,5,2026-07-22 21:00:18,very wonderful idea
Rafiya Sultana,4,2026-07-22 20:58:34,good
Suvarna Govind,1,2026-07-22 20:57:48,"Misleading delivery time. This has happened to me many times. Before placing the order, the app shows around 30 minutes delivery. After payment, it suddenly changes to 76 minutes or more. When I try to cancel because of the delay, they charge 100% cancellation fee. I have lost money because of this more than once. This feels very unfair and misleading. Please don't trust the delivery time shown in this app."
nyamthabad rahul,4,2026-07-22 20:54:12,good
VAKAPALLI DEVI POSI MALLESWARA RAO,3,2026-07-22 20:52:57,not easy to use
Samarth Yadav,4,2026-07-22 20:51:00,avg
Narasimha Chowdary Kommuri,5,2026-07-22 20:50:48,sharp delivery
Sonali Mehra,5,2026-07-22 20:50:06,nice sarvice
avinash sharma,5,2026-07-22 20:47:51,cravings gone in minutes. Just Zomato and chill
Heidi H,1,2026-07-22 20:46:19,not good
Snehashish Jana,3,2026-07-22 20:45:13,good
Vijay Thakre,5,2026-07-22 20:44:52,nice odar
Gyanprakash maurya,5,2026-07-22 20:44:01,good
Sombattula Naveen,5,2026-07-22 20:43:45,super app more offres
Lingaraj Mahapatra,5,2026-07-22 20:41:23,very good aap
Dhruv Tripathi,5,2026-07-22 20:41:03,it's nice app
rajnikantpatel rajnikant,5,2026-07-22 20:39:09,nice
ANANYA PATRA,4,2026-07-22 20:39:03,good
Goleay Gupt,4,2026-07-22 20:38:28,so good
rajesh gowda r,5,2026-07-22 20:38:24,good
Jyothi Jyothi,5,2026-07-22 20:37:20,zomato will give a lowest price and free delivery on time will be the order and Best test
Ms Ratna Priya,5,2026-07-22 20:36:01,Nice ambience tasty 🤤 food friendly staff
Narsingh Tudu,5,2026-07-22 20:35:50,Good
Shantilal Joshi,1,2026-07-22 20:35:05,"Very disappointing experience with Zomato. I received a completely cold pizza, and when I raised the issue immediately, my concern was not resolved satisfactorily. Delivering cold food is one problem, but ignoring genuine customer complaints is even worse.I paid for fresh food and reliable service but got neither. This experience was a complete waste of money and time. If Zomato cannot ensure food quality provide proper customer support when things go wrong, it seriously affects customer trust."
Amresh Dalai,2,2026-07-22 20:34:52,average
Bithi Sonowal,1,2026-07-22 20:33:36,This app doesn't even deserve one star . No cash on delivery.😂
hitendrasinh rathod,5,2026-07-22 20:33:30,Nice 👍
Dhapa Mukesh,5,2026-07-22 20:32:17,nic
MUKHTAR SHAIKH,4,2026-07-22 20:32:02,nice
Sanjaya Nahak,1,2026-07-22 20:31:59,"I am ordering one cafe Oberai bakes &cafe .. but he is delivery me one broken cake 🎂. I am complaint but zomato support and restaurant not listen my complaint,,, don't order any order to zomato .. always better swiggy .."
Mohammed Idrees,1,2026-07-22 20:31:15,No offers
anuj dhaka,1,2026-07-22 20:29:30,this is ridiculous how can you say this is afghani pander Tikka.
Ace Downs,5,2026-07-22 20:29:22,"During CJP protest I can't go at Jantar Mantar for protest so, I placed order for protesters from my side, Thank you Zomato for enabling this service 😄😄😄"
RACHAKONDA SURYA VATHI,5,2026-07-22 20:28:17,it's good
Charu B,1,2026-07-22 20:28:08,The don't refund the amount after their customer care says that they will. I want people who have faced the same issue to reach out to me so that we all can find out how much revenue they are generating through fraud and can take legal action.
Vanamadi Shakhar,5,2026-07-22 20:28:05,good
Akshara Tharun,5,2026-07-22 20:28:02,Good best service app
ASHUTOSH KUMAR,5,2026-07-22 20:27:48,nice
HUZAIFA HUZAIFA,3,2026-07-22 20:24:15,👍
Rocky Kumar,3,2026-07-22 20:23:27,good
shankar Soni,5,2026-07-22 20:23:21,good
Abhijeet Patil,1,2026-07-22 20:22:44,"worst food delivery app of all, no time value, no proper organisation for delivery"
Golu Sharma,5,2026-07-22 20:22:29,🤣
RAKESH KUMAR,4,2026-07-22 20:21:56,very good
Priti Joshi,5,2026-07-22 20:21:32,nice app 🤩👍
sunil rajan,5,2026-07-22 20:21:31,good
Roshan avchar,5,2026-07-22 20:21:20,good
Pawan Singh,5,2026-07-22 20:21:19,best
Anbu Selven,4,2026-07-22 20:20:37,super
Ryad Hendy,5,2026-07-22 20:19:48,Good
ramyasri koppoju,5,2026-07-22 20:17:46,good
Rohit gujar,5,2026-07-22 20:17:45,very good
Kothwal4639 Cherry,1,2026-07-22 20:17:22,Every single order I make I never get the food. The delivery service is awful...
REDDY RAJASHEKHAR,5,2026-07-22 20:15:41,Good service
Kishor Chavan,5,2026-07-22 20:13:36,good
kamlesh parmar,5,2026-07-22 20:13:29,very nice
Sagar pawar,5,2026-07-22 20:13:16,good
kishan korra,5,2026-07-22 20:13:00,👍
Subhasis Chakraborty,5,2026-07-22 20:12:33,ok
Shankar Shinde,5,2026-07-22 20:11:18,ok
saurabh sutar,4,2026-07-22 20:09:38,👍
mausam chauhan,5,2026-07-22 20:09:03,🙏
Edit Flow,5,2026-07-22 20:08:42,very nice
Samar Singh,4,2026-07-22 20:07:54,good platform 💯
Chandra kanta Sukla,5,2026-07-22 20:07:50,very good
UDAYBHASKAR S,5,2026-07-22 20:07:16,excellent
Chals Vh,1,2026-07-22 20:02:33,you charge extreme
Sunil khant Khant,5,2026-07-22 20:00:04,well done 👍
Jagmohan Kalia,5,2026-07-22 19:59:44,good service
BARUN KUMAR DAS,5,2026-07-22 19:58:14,good
Naval Kishor,5,2026-07-22 19:58:09,best service Zomato
Priya Raj,5,2026-07-22 19:57:12,very good 😊😊😊😊😊😊👍👍👍
Samar Kahar,5,2026-07-22 19:56:08,very good
Naresh Saini,5,2026-07-22 19:56:01,gud
Dipendra Tomar,5,2026-07-22 19:55:23,ok
Mahendra Singh Panwar,3,2026-07-22 19:55:22,good
Shaikh Rahim,4,2026-07-22 19:55:20,good
Siddhant Singh,5,2026-07-22 19:54:28,besst
Proud Indian,1,2026-07-22 19:53:43,"Very Bad experience wid the illogical Customer service. The false promises &no responsibility adds more -ve adjectives to your name Zomato. Dey don't wnt2 take responsibility 4 dr own delivery partners who r alrdy frustrated wit dr own company. Wdout marking"" Collected"" 4m the outlet dey eat ur food and the zomato ppl ll 1st tell u to wait for 15mins to know the status of already lost order. den dr senior exec calls& apologize wit a coupon 2x the value but ITS ALL LIE u won't get any coupon evr"
Realme,5,2026-07-22 19:53:41,very nice
Salil Sharma,5,2026-07-22 19:52:41,good
Krushna Mali,5,2026-07-22 19:50:56,khup chhan aahe
Kushwaha Navin,5,2026-07-22 19:50:52,good
Deepali Deshpande,5,2026-07-22 19:50:01,excellent service
JR Rohtas,4,2026-07-22 19:49:03,good
Jehirul Islam,5,2026-07-22 19:48:55,good
Surendra Khosala,5,2026-07-22 19:48:44,excellent
Panyam dileep6677,5,2026-07-22 19:48:32,good
prasad raju,5,2026-07-22 19:48:23,nice good 👍
Sandip Bariya,3,2026-07-22 19:47:31,Nice
Amit Rajotiya,5,2026-07-22 19:46:46,nice and fast delivery
mandeep rawal,5,2026-07-22 19:43:37,Good
Pooja Bhosle,1,2026-07-22 19:43:29,very bad टेस्ट
Dr. Aneeshya Sara Abraham,1,2026-07-22 19:43:26,"Rates are unfairly high than the real restaurant price. The portion size is also not standard. I just ordereda chilli chicken, the price was listed 275, but on the actual bill it says 190. I tried to contact the customer no response or no option to contact a real associate just AI chat, which just says they will provide good service in the future. Utterly disappointed."
Debashree Dey,1,2026-07-22 19:43:18,"No dressing in salad...simply they cut cucumber, tomato, carrot and two green chilly...not happy at all with the delivery."
WEIRD GAMER,1,2026-07-22 19:41:12,don't use this app the customer care does not care for you. And if u try to reach them tey just say that they will reach you in 24 hrs. what will I do in 24 hrs if I am hungry now
PC Thakur,4,2026-07-22 19:36:38,so good
Aditya Parve,5,2026-07-22 19:35:39,nice app this app copon very nice
Shila Yadav,5,2026-07-22 19:30:14,👍
Juned Badshah,2,2026-07-22 19:29:58,the item was less in quantity but there was no resolutions from Zomato wasted my money
Sujal Mondal,5,2026-07-22 19:29:26,good
Pratap Dalvi,5,2026-07-22 19:29:25,please give me more offers please 🥺
Ash Taeki,4,2026-07-22 19:29:14,awesome
Rushikesh Bandal,3,2026-07-22 19:26:12,good😇
Gulafsha Siddiqui,5,2026-07-22 19:25:51,good 😊
Gajendra Kholkumbe,5,2026-07-22 19:24:20,Good
Pranav Kumar,2,2026-07-22 19:22:30,just good
Walk up Side,5,2026-07-22 19:21:24,Fast food delivery app
prabhakar kumar,5,2026-07-22 19:20:16,good
Naveen Kumar,4,2026-07-22 19:20:06,good 👍
Ashish Emrith,1,2026-07-22 19:18:43,food delivery is 2× time later than expected
Nilesh Maskar,5,2026-07-22 19:18:36,great
Rishi Jhajha,1,2026-07-22 19:18:10,very bad service and their executive are very bad communication I stop this app very bad experience today
Saba Tabassum,5,2026-07-22 19:17:48,Good service and tasty
rohit singh,1,2026-07-22 19:17:38,"Please avoid joining Zomato or Blinkit. I had a pending amount of ₹3,000 that was never processed despite multiple follow-ups. Extremely disappointing experience. Candidates, stay alert and verify everything before joining. #Zomato #Blinkit #DeepinderGoyal #Hiring #JobAlert"
Syed Jameeluddin,5,2026-07-22 19:15:59,thank you so much 🙏
RAVI SOLANKI,4,2026-07-22 19:15:38,good
Rajesh Tirumala,5,2026-07-22 19:15:22,nice service
Deepa Basavaraj I,5,2026-07-22 19:15:04,Good one
Sonu Acharya,5,2026-07-22 19:13:24,best
Mukesh Rathi,5,2026-07-22 19:13:16,bast sarvice
Kavita Chimote,5,2026-07-22 19:13:16,very nice 👍
Ravindranath Reddy,1,2026-07-22 19:12:36,"Zomato ! You are ripping us off. This afternoon I ordered paneer jilebi from Emerald sweets at Indira Park, Hyderabad. The price quoted in your menu was Rs. 375.00 for 250 gms and with uour charges it came upto Rs. 390.00. As the delivery was getting very delayed I canceled the order and I went to another Emerald outlet at Shivam Road and picked up the same quantity of 250 gms of Paneer jilebi at Rs 245.00 including taxes. It's Cheating, right ?"
Ilias Pahar,5,2026-07-22 19:07:47,thank you so much for available in my location
Aryan Giri,5,2026-07-22 19:07:45,gret
shrikant kadam,4,2026-07-22 19:06:14,delivery charges are high
Mukesh Khantwal,5,2026-07-22 19:05:31,good delevery
Tinku Jaiswara,4,2026-07-22 19:03:26,good service
Appu Raj,5,2026-07-22 19:01:35,good delivery
Vivek M,1,2026-07-22 19:00:54,worst possible customer care and resolution of issues. Better to order from Swiggy
Kashinath Heddalliker,5,2026-07-22 19:00:14,👍
Saad Khan,4,2026-07-22 19:00:00,good service
AKP Prajapati gamerz,5,2026-07-22 18:59:48,Proud to Zomato for delivering food at Jantar Mantar.
Ayan Mahetar,5,2026-07-22 18:58:00,best
swarnabh prodhani,4,2026-07-22 18:56:08,ita good user friendly
Reyo,5,2026-07-22 18:56:07,goated
Amit Kumar,5,2026-07-22 18:54:50,good service
Raja Hussain,5,2026-07-22 18:54:36,exsilant
Bobby Kolakaluri,1,2026-07-22 18:54:23,not coming offers why sir
Riyaz Nadaf,3,2026-07-22 18:53:59,super
SHADAKSHARI g,4,2026-07-22 18:51:22,good
Girish Rathod,5,2026-07-22 18:48:58,super good
Manasi Naik,5,2026-07-22 18:47:29,good app
Debika Sarkar,5,2026-07-22 18:47:26,verry nice
2014 0101,1,2026-07-22 18:46:56,"Very worst no proper customer service every time bot replies and at the end it will say send email, after sending emails no response from them, ridiculous service if any one has any issues about delivered products there will not be any solutions, my personal experience is really worst with Zomato."
Babji Shaik,5,2026-07-22 18:45:05,good
Sajid Rangrezz,5,2026-07-22 18:39:14,yummy
DEEPAK KUMAR,1,2026-07-22 18:38:41,good delivery
Shaik Gowsiya,4,2026-07-22 18:35:34,good
manohar Babu,3,2026-07-22 18:34:49,required more enhancement
Haresh Chandra,5,2026-07-22 18:29:29,very nice food app 🙂
Archita Jaiswal,5,2026-07-22 18:29:24,Best coupon offers
Dhruv Dutta,1,2026-07-22 18:28:17,"I don't like the delivery partner in zomato. They came to me to deliver food and suddenly clicked a photo of me while I was unaware. Later when I caught him, he said that it's a photo clicked as proof of order delivery. I made him delete it. zomato doesn't have any email or customer contact number so there is no evidence to store this incident. so i write here for everyone to know. zomato experience is not good."
Kundan Kumar pandey,3,2026-07-22 18:26:15,good 👍
Fiza Mulla,5,2026-07-22 18:24:24,good app
Roshan Parapte,5,2026-07-22 18:23:29,good service
Dinesh Kumar,5,2026-07-22 18:22:01,good
Assistant Director Consumer Affairs,1,2026-07-22 18:21:22,"very very poor service, Customer care is very bad 👎"
Kuntal Mondal,5,2026-07-22 18:19:08,good
rohit Vi8100,5,2026-07-22 18:13:46,very good
Anuj Kumar,4,2026-07-22 18:11:51,good
Golz Fastener,5,2026-07-22 18:11:17,nice
Akshra Kumari,1,2026-07-22 18:08:59,bad
RAM Lal,5,2026-07-22 18:08:44,ok
Shinu Mon. M. G Shinu Mon.M.G,1,2026-07-22 18:08:22,lag on the app
Amtea. Tlau,4,2026-07-22 18:02:35,good
Anwarbhasha Anwar,5,2026-07-22 17:59:36,super
Deepak Phatra,5,2026-07-22 17:58:45,very nice
Sandip Bhattacharjee,1,2026-07-22 17:57:14,scam scamm scam Zomato
Jagu Rana,2,2026-07-22 17:56:01,nice
ñêêt pãwãr,5,2026-07-22 17:55:18,excellent....
shubham utkarsh,1,2026-07-22 17:54:36,Worst... Order food at night before 12pm Got my order canceled at 12:55 coz no delivery partner.. Then don't take online orders when and make some one hungry wait 1hr before canceling it... Their Customer support is like talking to a wall AI don't know what it's saying... Very disappointed very very...
Pappu Kumar Mandal,5,2026-07-22 17:53:24,good 👍
Sanjit Das,5,2026-07-22 17:53:07,ok ok
Lala Mast,5,2026-07-22 17:53:02,excellent
Suraj Suraj,5,2026-07-22 17:48:39,good food test
Sameer Meena,5,2026-07-22 17:47:52,😊
poonam baghel,5,2026-07-22 17:41:30,best
Shalu Kalyan,5,2026-07-22 17:41:02,very good 👍
Swara Gurav,4,2026-07-22 17:41:02,good service
vinod negi,5,2026-07-22 17:39:48,excellent
Nagraj Kulkarni,4,2026-07-22 17:39:32,no offers..??
Ashwini Ray,1,2026-07-22 17:38:16,"one of the worst apps to order food from....their customer service team tops it all.... I am a ""zomato gold"" member still if you highlight it something they will make you feel that you did something wrong and are a liar..... it was wonderful having a conversation with Pranit and Munugapatti as they helped me in wasting my time....NEVER USING IT AGAIN"
Arpi - dreamy girl,5,2026-07-22 17:38:01,very nice taste
Suman Kumari,4,2026-07-22 17:33:50,thora or jaldi deliver karty to baut achha hotaa
Lingaaa A,1,2026-07-22 17:31:08,"if you accidentally change the delivery address without noticing and then contact the support team, even if the address is 80 km away, they'll simply tell you, 'Please go there by bike and collect it yourself, sir.' They won't provide a refund, and they won't change the delivery address either. very very worst customer support"
Anushree Samanta,4,2026-07-22 17:30:13,ok ok
Birju Meena,5,2026-07-22 17:29:45,good
Nitish Sharma,4,2026-07-22 17:28:40,so good
Mayra ansari,4,2026-07-22 17:28:02,👍
Sumaiya,3,2026-07-22 17:27:48,nice 👍🏻
Bhim Mehta,5,2026-07-22 17:27:32,good
Mohd,4,2026-07-22 17:26:46,nice 👍
Binoy Binita Nath,4,2026-07-22 17:20:17,very Good
Jasraj jangid,5,2026-07-22 17:18:07,Nice 👍🏻
Limali Sahu,5,2026-07-22 17:17:38,good
Sumit Thakur,5,2026-07-22 17:16:49,very good tast and very fast
Alwin vlogs,1,2026-07-22 17:14:09,when I order a food in train the order not delivered to me and the fund refund spotlye but there is no option to eat food in there that was the experience faced me I tell this complaint so many times to Zomato customer care there was no response very bad experience from zomato
Vikas Kashyap,5,2026-07-22 17:12:20,good 👍
linemetal ceiling,5,2026-07-22 17:09:00,v good
Saydab Ali,5,2026-07-22 17:07:22,Nice
Ayesha Jabeen,5,2026-07-22 17:07:00,best 👍
Sharmila Biswas,1,2026-07-22 17:05:03,I have been ordering food for years from zomato but never had pathetic experience like this earlier.I ordered a protien wrap but the delivery agent could not locate my address don't know why so the order got cancelled and the zomato is refusing to pay the refund right now.
Vishal Biskarma,3,2026-07-22 17:01:41,good apps
Chandra Gain,5,2026-07-22 16:59:21,good
Shiva Khubiyan,5,2026-07-22 16:58:59,good service
Pooja Sharma,4,2026-07-22 16:57:29,very nice affordable app and food taste is also good 😊
Gazala,5,2026-07-22 16:56:01,very quick delivery
Raja,5,2026-07-22 16:56:00,verry good 👍
Amalesh Chakrabarty,5,2026-07-22 16:55:26,ok
Shivam Sahu,1,2026-07-22 16:52:21,😭😭
Prince Randhwa,5,2026-07-22 16:50:41,good 👍
B Dutta,4,2026-07-22 16:49:52,good service
suraj kumar,5,2026-07-22 16:48:46,excellent
Naveen nemiwal,5,2026-07-22 16:48:38,wow
Shubham Rai,5,2026-07-22 16:48:21,bahut aacha
Anilkumar.J.P JP,5,2026-07-22 16:46:44,good
Sumit Khaira,4,2026-07-22 16:45:05,nice 👍🙂
ALL CARTOONS,1,2026-07-22 16:43:32,"probably the worst app i ever used, yesterday I ordered veg meals from a restaurant and I received chicken roast and butter milk ,I raised this issue and instead of connecting me to an associate they are like please write us at zomato@..... and im like ughh, later I mailed them the response Thanks for reaching out. We’re sorry for the inconvenience. After review, we’re unable to take further action. We’ve flagged this internally to help prevent similar issues.Thanks for understanding 🙏 ..."
Gumula Lavanya,5,2026-07-22 16:43:12,super
Pushpendra Thakur,5,2026-07-22 16:40:46,good
Atharva Binawade,1,2026-07-22 16:38:26,very bad and order delayed by 30 mins and no customer service
Abhimanyu Singh,5,2026-07-22 16:36:37,need more discount on food
Biki Saha,5,2026-07-22 16:34:42,nice
Thirumalesh Ranganathan,1,2026-07-22 16:34:20,"I had an issue with the food delivered but Zomato responded saying contact the restaurant worst experience ever, never using the app again"
Rajnish Sharma,5,2026-07-22 16:33:17,good
Sk Motiar,5,2026-07-22 16:32:46,super hero
Parul Rathva,4,2026-07-22 16:31:55,good
Krish Kakdiya,5,2026-07-22 16:29:11,super
Richa Richa,5,2026-07-22 16:28:30,good 👍
Anurag Singh,1,2026-07-22 16:26:24,good
Sukesh Rai,2,2026-07-22 16:25:21,good
Dev Bohra,1,2026-07-22 16:24:55,Due to ulcers i cannot eat spicy so I already explained that prepare food at zero mirchi but still spicy food received and also restaurant has accepted my zero mirchi request so I continued this order.
Abid Abi,5,2026-07-22 16:24:51,👍
Sohail Mansuri,5,2026-07-22 16:22:42,good
Abir Sarkar,1,2026-07-22 16:20:21,cash on delivery not available
Az Aj,5,2026-07-22 16:19:41,nice 🥑🥑
SOPAN SINGHA,1,2026-07-22 16:19:21,customer care service is very poor. the delivery partner delivered the order somewhere else but they failed to resolve the issue.
mohtashim Siddiqui,5,2026-07-22 16:19:11,grt experience
Mohd Hussain,5,2026-07-22 16:18:17,good 👍
Lohitha Rongali,1,2026-07-22 16:16:50,very poor service
Shreejan Shil,3,2026-07-22 16:16:45,it's to much platform fee.
Naniamma Sasural,5,2026-07-22 16:15:40,okay satisfied
Sai Kumar,5,2026-07-22 16:15:18,good
dharmendra kumar patel,5,2026-07-22 16:14:38,better than swiggy
Nikhil Raj,5,2026-07-22 16:08:15,v good
Heer Zara,5,2026-07-22 16:07:18,good 👍
Monu Meena,5,2026-07-22 16:06:16,good
Prashant Kumar,5,2026-07-22 16:05:01,good app .. great coupon code available on every order
Kabita Lama,5,2026-07-22 16:01:19,good 👍
santosh khadke,5,2026-07-22 15:58:44,nice
Md. Thoufiq Thoufiq,5,2026-07-22 15:58:33,good
vaibhav ruthe,5,2026-07-22 15:56:03,good service
Kishan Chanwaria,5,2026-07-22 15:53:12,ok
Manoj Manu,3,2026-07-22 15:53:09,ok Nice
HUSA HUSA,5,2026-07-22 15:50:54,super 👌
Ajdaul H,5,2026-07-22 15:49:57,zomato driver jantar mantar live public transport and support love you zomato
Sujol Biswas,5,2026-07-22 15:49:12,nice
Venugopal Thanu,5,2026-07-22 15:47:19,"It is good, but sometime they' give late And it is good"
Sidramesh Havaloru,5,2026-07-22 15:45:22,good
OM PRAKASH,5,2026-07-22 15:41:26,Best experience
Sumit Kumar,5,2026-07-22 15:40:19,super fast delivery and genuine foods
Illuri Nandakumarreddy,5,2026-07-22 15:38:37,good
Abhishek Brahmachary,1,2026-07-22 15:38:10,"they take no accountability. charge full price and make you wait so that they can reap the profit. it's a lose lose situation for the restaurant, delivery partner and the customer."
Anup Sarkar,1,2026-07-22 15:37:57,Cash on delivery unavailable 😡
Pavithra Pavi,4,2026-07-22 15:37:56,superb
Anjali Sonwal,5,2026-07-22 15:37:37,bhut mazedar .. tasty
ganesh kokate,1,2026-07-22 15:37:08,my order not picked
FUNNY HA HA (som),5,2026-07-22 15:33:12,nice
Visapur Public School Visapur,5,2026-07-22 15:33:12,good delivery and good food for india
Birendra Sah,5,2026-07-22 15:30:32,bahut badiya
Madhusudan P M,1,2026-07-22 15:25:38,"I ordered a birthday cake from Aubree, and it has been delayed for over 2 hours. The assigned delivery executive is not picking up calls, and I have absolutely no idea when the delivery will finally be made. Since it is a fresh cake sitting on a bike for over two hours, I am highly concerned that it is completely melted and ruined. How can anyone trust Zomato with tight timelines for important events like birthdays? To make a bad situation worse, the customer support team has been unhelpful..."
MARYA GHANIE,5,2026-07-22 15:24:47,nice 👍
Parthana Murmu,5,2026-07-22 15:22:32,Nice
Rupesh singh,5,2026-07-22 15:21:25,Lucknow bakery cace so Hygenic and owner Very helpful
anupam mathur,1,2026-07-22 15:20:18,This AI chat is really Pathetic. The AI assistant niether give you any resolution nor connect you to a live agent. It seems Zomato is cutting costs by replacing live agents with AI agents. It may reduce cost but surely will reduxe the revenue of zomato as customers will finally drift to swiggy or other food apps.
Pandit Ji,5,2026-07-22 15:19:43,you can not give offfer
Manu.dby67 9643802615,5,2026-07-22 15:19:14,good
Bikash Singha,5,2026-07-22 15:14:44,nice
Romesh Mathur,5,2026-07-22 15:14:20,good
Geetha R,5,2026-07-22 15:13:24,super
technical Rohan Alam,1,2026-07-22 15:09:32,garbage app
Shubham Saurav,1,2026-07-22 15:08:35,late ata h
Satish Nagoju,4,2026-07-22 15:05:42,super 💯💯💯
sutharnitu sutharnitu,1,2026-07-22 15:04:55,👍
Md Hasim Sk,5,2026-07-22 15:03:56,excellent
AMIT KUMAR RAILWAY DHANBAD,5,2026-07-22 15:02:23,very good 👍
Jaya Yadav,1,2026-07-22 15:01:35,"Jisko bhi bhejiye next time usko tameej sikha kr bhejiye kyuki we are girls agr humne koi order kiya hai to vo khudse dene aaye on door na ki hum lene jayenge road pr , aur jb bola ki road pr nhi ayenge hum aap door ke pass aa jao to reply ata hai ki humari garz nhi hai aapko ana hai idhar aayiye vrna mai vapas lekr challa jaunga ,agr esse log rhe zomato m to zomato ki service lene se achcha hai hum khudse lepinoz jaakr khaa le yhaa se fir kafi achcha hoga ,phli baar itna ganda experience rhahai"
Satish Pal,5,2026-07-22 14:59:42,good
Durgesh Kumar,5,2026-07-22 14:58:36,good work
Nikita,1,2026-07-22 14:51:19,very very worst app I ordered a pasta and it was all spilled and sticked to polythene there was no proper packaging and there was small sharp pieces of wood too like seriously you want us hospitalized. when I tried to report they told me to email I did ..but no response came from them deleting this app never ordering again and you guys should also not ordered from this again very shityy app
Nandu Nandini,5,2026-07-22 14:48:23,very good
Kumarmohan Mohankumar,5,2026-07-22 14:45:55,good
M ROHIT M ROHIT,5,2026-07-22 14:45:01,good
Dhiya Punamiya,5,2026-07-22 14:44:59,nice
Lovely Sharma,1,2026-07-22 14:44:44,yesterday i have order some of burgers from Mac d to janter mantar complete the payment of 1253 rs but after long i get a call from mac that we are unable to complete your order and we are cancelling your order what is this and my amount is also not refunded should i go for legal or you will arrange a call for clarification
Rekha Kumari,5,2026-07-22 14:44:44,nice service
Ratnesh Viswakarma,5,2026-07-22 14:43:59,nice
The Dawah section,5,2026-07-22 14:41:28,🤌🏻🤌🏻
Sahil Patni,5,2026-07-22 14:40:17,good
Vivek,1,2026-07-22 14:35:49,"I received spoiled spring rolls with a foul smell and contacted Zomato support. They asked me to email them and promised a resolution within 24 hours. I returned the spoiled spring rolls to the nearby restaurant, where I was asked to place another order while they inspected the vendor. Zomato never replied to my email. A serious food safety issue was ignored. Based on my experience, I recommend using other food delivery apps."
Subhadip Singh,4,2026-07-22 14:34:30,good
Sujeet kumar Yadav,4,2026-07-22 14:31:30,good
Aditya Kumar,5,2026-07-22 14:31:23,good 😊
Deepak Singh,5,2026-07-22 14:30:58,good
Irfan Khan,5,2026-07-22 14:29:14,good
Amresh.s ooty,5,2026-07-22 14:28:31,good 👍 👍 👍 👍 👍 👍 👍 👍
mojes ghodke,5,2026-07-22 14:26:35,Good service
SONI,5,2026-07-22 14:25:42,good 👍
Neha Adhakari,5,2026-07-22 14:23:38,very testy food
Mithu Mithu sk,5,2026-07-22 14:20:18,good 👍👍
Dr.Rajini L Kalaiyarasan (Kalai),4,2026-07-22 14:19:52,nice
Suresh Maan,5,2026-07-22 14:18:59,nice 👍
Ujjawal Jain,5,2026-07-22 14:17:48,nice
Deepak Singh,4,2026-07-22 14:17:38,good
S. Elavarasan S. Elavarasan,5,2026-07-22 14:15:30,fast delivery
hiffzur rahman,1,2026-07-22 14:13:57,I really don't know how this is happening simple order is taking 40 mins and most of the time delivery partner is assigned other delivery also this is making delivery too late I am starting to hate this app now my last 7 to 8 delievery s has got delayed why to use this app when every time I am the last priority same issue more than 1hr I am deleting this aap
Dilpreetrandhawa771,5,2026-07-22 14:13:52,zomato is the best app Swiggy and dominos are not good but zomato is best ☺️🤩
Pranjal Pal,1,2026-07-22 14:13:40,great dilevery
Amit Phalke,5,2026-07-22 14:12:49,Good 👍
Mustak Saiyad,5,2026-07-22 14:11:29,nice 👍
Sana Memon,5,2026-07-22 14:11:04,Yummy taste 👍
MANISH SAI,5,2026-07-22 14:10:35,Very good Please dilivered fast Sir
REBEL “Rebelrajpurohit” Rajpurohit,5,2026-07-22 14:09:01,nice
Umar Farooque,5,2026-07-22 14:08:18,good
Mehzar ali Shah,5,2026-07-22 14:07:10,good
sanup sau,1,2026-07-22 14:04:36,"You have completely given me useless items that I ordered, and those are not available. I am very disappointed after placing the order with you.😡"
